{
  "selected_model": "rf",
  "metrics_per_model": {
    "logreg": {
      "accuracy": 0.7337662337662337,
      "precision": 0.6031746031746031,
      "recall": 0.7037037037037037,
      "f1": 0.6495726495726496
    },
    "rf": {
      "accuracy": 0.7792207792207793,
      "precision": 0.7083333333333334,
      "recall": 0.6296296296296297,
      "f1": 0.6666666666666666
    },
    "svm": {
      "accuracy": 0.7337662337662337,
      "precision": 0.6226415094339622,
      "recall": 0.6111111111111112,
      "f1": 0.616822429906542
    },
    "knn": {
      "accuracy": 0.7207792207792207,
      "precision": 0.6078431372549019,
      "recall": 0.5740740740740741,
      "f1": 0.5904761904761905
    },
    "dt": {
      "accuracy": 0.7077922077922078,
      "precision": 0.6046511627906976,
      "recall": 0.48148148148148145,
      "f1": 0.5360824742268041
    }
  },
  "test_size": 0.2,
  "random_state": 42
}